Jason Dobry <jdobry@google.com> Jason Dobry <jason.dobry@gmail.com>
Jason Dobry <jdobry@google.com> Jason Dobry <jmdobry@users.noreply.github.com>
Jun Mukai <mukai@google.com> Jun Mukai <jun.mukai@gmail.com>
Luke Sneeringer <lukesneeringer@google.com> Luke Sneeringer <luke@sneeringer.com>
Stephen Sawchuk <sawchuk@gmail.com> Stephen Sawchuk <stephenplusplus@users.noreply.github.com>
Dan Aharon <daharon@google.com> danaharon <daharon@google.com>
Puneith Kaul <puneith@google.com> puneith <puneith@users.noreply.github.com>
